{
    "loss": 3.327305555343628,
    "accuracy": 0.7450980544090271
}