{
    "loss": 0.02037249132990837,
    "accuracy": 0.9901960492134094
}